sasi_stock_num,stock_name,active_ind,create_wdfwemp_id,modify_wdfwemp_id,gsro_stock_name,stock_id,geographic_area_lut_id,gdu_lut_id,mal_lut_id,esa_unit_lut_id,mpg_lut_id,sasi_run_lut_id,origin_lut_id,predominant_production_type_lut_id,distinct_genetics_lut_id,harvest_mgmt_unit_lut_id,parent_stock_id,create_dt,modify_dt,bt_core_area_lut_id,species_lut_id,nosa_popid,nosa_common_pop_name,nosa_esu_dps_name,nosa_esa_pop_name,nosa_escapement_timing_lut_id,sasi_common_name,run,stock,species,facility_name
3700,Coweeman Coho,1,135641,20044176,Coweeman River - late Coho salmon,65B5AD8A-AB9E-458C-9C09-A188FC69A301,A4A8B5E9-0AEE-4DDA-95B5-1218750383F1,7D0D08B3-7383-4CE0-B053-EBAE1C2D4DF9,5A15B805-446F-4AB0-A470-14D708BC002A,8894EE79-BF27-4A6D-BBD7-62B88CF4FBF5,770D624B-91F2-4F50-86CE-35D73CB04B6B,077EABC7-855B-478E-93EE-AEB7970566D0,F27529C5-8185-473C-962C-535F28CE8A96,6F0F28EA-4A16-4F94-B4F0-D664C217A7B0,02D968FD-AF42-4A06-936C-8FD2E6AAF396,C7004B50-963E-44A6-A916-E8E08BD13B9A,NA,5/25/2006 13:33,8/30/2018 16:42,AB097B02-C545-4164-A2F5-102A712004DC,61E3C3A7-FABB-4481-8CC7-43D139AD084A,269,Coweeman Coho,"Salmon, coho (Lower Columbia River ESU)","Salmon, coho (Lower Columbia River ESU) Coweeman River - late",NA,Coho salmon,fall,coweeman ,coho,coweeman 
3645,Elochoman-Skamokawa Coho,1,135641,20044176,Elochoman River - late Coho salmon,A8655092-2FE2-46DE-B49B-C5A2F4D44451,A4A8B5E9-0AEE-4DDA-95B5-1218750383F1,7D0D08B3-7383-4CE0-B053-EBAE1C2D4DF9,5A15B805-446F-4AB0-A470-14D708BC002A,8894EE79-BF27-4A6D-BBD7-62B88CF4FBF5,6708E142-D3CA-4859-B04B-F5CD2442C2EC,077EABC7-855B-478E-93EE-AEB7970566D0,F27529C5-8185-473C-962C-535F28CE8A96,6F0F28EA-4A16-4F94-B4F0-D664C217A7B0,02D968FD-AF42-4A06-936C-8FD2E6AAF396,C7004B50-963E-44A6-A916-E8E08BD13B9A,NA,5/25/2006 13:33,8/30/2018 16:42,AB097B02-C545-4164-A2F5-102A712004DC,61E3C3A7-FABB-4481-8CC7-43D139AD084A,283,Elochoman/Skamokawa Coho,"Salmon, coho (Lower Columbia River ESU)","Salmon, coho (Lower Columbia River ESU) Elochoman River - late",NA,Coho salmon,fall,elochoman skamokawa ,coho,elochoman skamokawa 
3770,Salmon Creek Coho,1,135641,20044176,Salmon Creek - late Coho salmon,BF3AF319-603F-42B5-BF15-B60E9A378895,A4A8B5E9-0AEE-4DDA-95B5-1218750383F1,7D0D08B3-7383-4CE0-B053-EBAE1C2D4DF9,5A15B805-446F-4AB0-A470-14D708BC002A,8894EE79-BF27-4A6D-BBD7-62B88CF4FBF5,770D624B-91F2-4F50-86CE-35D73CB04B6B,077EABC7-855B-478E-93EE-AEB7970566D0,F27529C5-8185-473C-962C-535F28CE8A96,6F0F28EA-4A16-4F94-B4F0-D664C217A7B0,02D968FD-AF42-4A06-936C-8FD2E6AAF396,C7004B50-963E-44A6-A916-E8E08BD13B9A,NA,5/25/2006 13:33,8/30/2018 16:42,AB097B02-C545-4164-A2F5-102A712004DC,61E3C3A7-FABB-4481-8CC7-43D139AD084A,275,Salmon Creek Coho,"Salmon, coho (Lower Columbia River ESU)","Salmon, coho (Lower Columbia River ESU) Salmon Creek - late",NA,Coho salmon,fall,salmon creek ,coho,salmon creek 
3740,Kalama Coho,1,135641,20044176,Kalama River - late Coho salmon,FC5372B1-0479-448C-B9C5-E8591AA89999,A4A8B5E9-0AEE-4DDA-95B5-1218750383F1,7D0D08B3-7383-4CE0-B053-EBAE1C2D4DF9,5A15B805-446F-4AB0-A470-14D708BC002A,8894EE79-BF27-4A6D-BBD7-62B88CF4FBF5,770D624B-91F2-4F50-86CE-35D73CB04B6B,077EABC7-855B-478E-93EE-AEB7970566D0,F27529C5-8185-473C-962C-535F28CE8A96,6F0F28EA-4A16-4F94-B4F0-D664C217A7B0,02D968FD-AF42-4A06-936C-8FD2E6AAF396,C7004B50-963E-44A6-A916-E8E08BD13B9A,NA,5/25/2006 13:33,8/30/2018 16:42,AB097B02-C545-4164-A2F5-102A712004DC,61E3C3A7-FABB-4481-8CC7-43D139AD084A,271,Kalama Coho,"Salmon, coho (Lower Columbia River ESU)","Salmon, coho (Lower Columbia River ESU) Kalama River - late",NA,Coho salmon,fall,kalama ,coho,kalama 
3780,Washougal Coho,1,135641,20044176,Washougal River - late Coho salmon,40B850DA-D2AF-43DE-9E39-495518B517BE,A4A8B5E9-0AEE-4DDA-95B5-1218750383F1,7D0D08B3-7383-4CE0-B053-EBAE1C2D4DF9,5A15B805-446F-4AB0-A470-14D708BC002A,8894EE79-BF27-4A6D-BBD7-62B88CF4FBF5,770D624B-91F2-4F50-86CE-35D73CB04B6B,077EABC7-855B-478E-93EE-AEB7970566D0,F27529C5-8185-473C-962C-535F28CE8A96,6F0F28EA-4A16-4F94-B4F0-D664C217A7B0,02D968FD-AF42-4A06-936C-8FD2E6AAF396,C7004B50-963E-44A6-A916-E8E08BD13B9A,NA,5/25/2006 13:33,8/30/2018 16:42,AB097B02-C545-4164-A2F5-102A712004DC,61E3C3A7-FABB-4481-8CC7-43D139AD084A,280,Washougal Coho,"Salmon, coho (Lower Columbia River ESU)","Salmon, coho (Lower Columbia River ESU) Washougal River - late",NA,Coho salmon,fall,washougal ,coho,washougal 
3031,North Fork Lewis Coho,1,20044176,20044176,North Fork Lewis River - early and late Coho salmon,48D5363E-85A4-45B3-AC34-112780345C7E,A4A8B5E9-0AEE-4DDA-95B5-1218750383F1,7D0D08B3-7383-4CE0-B053-EBAE1C2D4DF9,5A15B805-446F-4AB0-A470-14D708BC002A,8894EE79-BF27-4A6D-BBD7-62B88CF4FBF5,770D624B-91F2-4F50-86CE-35D73CB04B6B,7A5BDB06-F1DB-4EFA-9D5E-786E337F5933,F27529C5-8185-473C-962C-535F28CE8A96,6F0F28EA-4A16-4F94-B4F0-D664C217A7B0,A3B743AB-CB20-4AD0-ADE2-BCCE8D79D9E3,C7004B50-963E-44A6-A916-E8E08BD13B9A,NA,10/28/2014 8:06,8/30/2018 16:42,AB097B02-C545-4164-A2F5-102A712004DC,61E3C3A7-FABB-4481-8CC7-43D139AD084A,273,North Fork Lewis Coho,"Salmon, coho (Lower Columbia River ESU)","Salmon, coho (Lower Columbia River ESU) North Fork Lewis River - early and late",NA,Coho salmon,fall,north fork lewis ,coho,north fork lewis 
3696,Tilton Coho,1,509786,20044176,Tilton River - early and late Coho salmon,4CB82A52-5491-4CA3-B03F-CCEFFCBF0908,A4A8B5E9-0AEE-4DDA-95B5-1218750383F1,7D0D08B3-7383-4CE0-B053-EBAE1C2D4DF9,5A15B805-446F-4AB0-A470-14D708BC002A,8894EE79-BF27-4A6D-BBD7-62B88CF4FBF5,770D624B-91F2-4F50-86CE-35D73CB04B6B,7A5BDB06-F1DB-4EFA-9D5E-786E337F5933,F27529C5-8185-473C-962C-535F28CE8A96,6F0F28EA-4A16-4F94-B4F0-D664C217A7B0,A3B743AB-CB20-4AD0-ADE2-BCCE8D79D9E3,C7004B50-963E-44A6-A916-E8E08BD13B9A,NA,9/7/2012,8/30/2018 16:42,AB097B02-C545-4164-A2F5-102A712004DC,61E3C3A7-FABB-4481-8CC7-43D139AD084A,278,Tilton Coho,"Salmon, coho (Lower Columbia River ESU)","Salmon, coho (Lower Columbia River ESU) Tilton River - early and late",NA,Coho salmon,fall,tilton ,coho,tilton 
2755,Lewis Fall Chum,1,509786,20044176,Lewis River - fall Chum salmon,4E86F573-5CE3-408E-A60C-F0437117F1E1,A4A8B5E9-0AEE-4DDA-95B5-1218750383F1,7D0D08B3-7383-4CE0-B053-EBAE1C2D4DF9,F219AF28-BB4C-463A-AD55-B73CA336BBC3,2AEA701A-3DB5-4ECB-A50B-F113DB227BCC,AF07C179-9AA5-4645-9992-BDA6C9132261,92E66CFB-23B4-4768-A490-AC357F4BCE37,508FEA01-ECEB-449C-B527-89163CB00A69,64C1EA43-5805-4A33-A6BC-93B6E3F040CA,A3B743AB-CB20-4AD0-ADE2-BCCE8D79D9E3,30B020B9-9148-404B-AA23-375BD6C76A9E,NA,5/29/2012,8/30/2018 16:42,AB097B02-C545-4164-A2F5-102A712004DC,33A35D8C-7776-4AF6-A8A2-2860E7E3EED5,254,Lewis Fall Chum,"Salmon, chum (Columbia River ESU)","Salmon, chum (Columbia River ESU) Lewis River - fall",NA,Chum salmon,fall,lewis,chum,lewis
1010,Tilton Spring Chinook,1,20044176,20044176,Tilton River - spring Chinook salmon,0CA33E58-81DD-4907-9BB1-1F3A8A7BF0E2,A4A8B5E9-0AEE-4DDA-95B5-1218750383F1,8E8E9D86-EF39-4014-8EDC-5F52B48F04F4,C61955B0-7043-467C-ABE8-691AB8E3C5AD,AA6D7F13-F596-454F-88FF-568E85E9D1C9,645FC313-950F-4873-8049-86249DF2026D,55982D00-CB6F-4495-9E8F-C48C0E9D4696,F27529C5-8185-473C-962C-535F28CE8A96,6F0F28EA-4A16-4F94-B4F0-D664C217A7B0,A3B743AB-CB20-4AD0-ADE2-BCCE8D79D9E3,30B020B9-9148-404B-AA23-375BD6C76A9E,NA,12/5/2014 17:04,8/30/2018 16:42,AB097B02-C545-4164-A2F5-102A712004DC,2F79A29B-BCA2-47F2-9212-956B51F14D12,224,Tilton River - spring Chinook salmon,"Salmon, Chinook (Lower Columbia River ESU)","Salmon, Chinook (Lower Columbia River ESU) Tilton River - spring",NA,Chinook salmon,spring,tilton river springsalmon,chinook,tilton river springsalmon
6749,North Fork Lewis Winter Steelhead,1,135641,20044176,North Fork Lewis River - winter Steelhead,221E528E-D73A-40AC-94C5-421B2743FCCA,A4A8B5E9-0AEE-4DDA-95B5-1218750383F1,DC0AB216-23B5-4526-9123-2F28780B959C,94F63781-75A9-49A8-B42C-EC70478B46C5,6B4F14ED-6D0B-4632-AFAA-E921E07A5EE2,E4AB14FA-1E2C-4485-93EF-E9C637067114,8412C3F4-40AE-4A89-9605-E478CEED6D8F,508FEA01-ECEB-449C-B527-89163CB00A69,64C1EA43-5805-4A33-A6BC-93B6E3F040CA,02D968FD-AF42-4A06-936C-8FD2E6AAF396,30B020B9-9148-404B-AA23-375BD6C76A9E,NA,5/25/2006 13:33,8/30/2018 16:42,AB097B02-C545-4164-A2F5-102A712004DC,0F71A285-6089-4C6D-B461-D69A652C9F70,301,North Fork Lewis Winter Steelhead,Steelhead (Lower Columbia River DPS),Steelhead (Lower Columbia River DPS) North Fork Lewis River - winter,NA,Steelhead,winter,north fork lewis,steelhead,north fork lewis
2749,Elochoman-Skamokawa Fall Chum,1,509786,20044176,Elochoman River - fall Chum salmon,88610D36-3462-4181-94A1-899F67F62E01,A4A8B5E9-0AEE-4DDA-95B5-1218750383F1,7D0D08B3-7383-4CE0-B053-EBAE1C2D4DF9,F219AF28-BB4C-463A-AD55-B73CA336BBC3,2AEA701A-3DB5-4ECB-A50B-F113DB227BCC,8D6DFF4D-236B-414E-9831-F63EBD7D9B79,92E66CFB-23B4-4768-A490-AC357F4BCE37,508FEA01-ECEB-449C-B527-89163CB00A69,64C1EA43-5805-4A33-A6BC-93B6E3F040CA,A3B743AB-CB20-4AD0-ADE2-BCCE8D79D9E3,30B020B9-9148-404B-AA23-375BD6C76A9E,NA,5/29/2012,8/30/2018 16:42,AB097B02-C545-4164-A2F5-102A712004DC,33A35D8C-7776-4AF6-A8A2-2860E7E3EED5,260,Elochoman River - fall Chum salmon,"Salmon, chum (Columbia River ESU)","Salmon, chum (Columbia River ESU) Elochoman River - fall",NA,Chum salmon,fall,elochoman river fallsalmon,chum,elochoman river fallsalmon
6735,Kalama Summer Steelhead,1,135641,20044176,Kalama River - summer Steelhead,286FEC6E-6971-4434-94D2-25E3F2737187,A4A8B5E9-0AEE-4DDA-95B5-1218750383F1,DC0AB216-23B5-4526-9123-2F28780B959C,94F63781-75A9-49A8-B42C-EC70478B46C5,6B4F14ED-6D0B-4632-AFAA-E921E07A5EE2,43D02039-CF59-435A-8AD4-8F079A49E8CF,C4F0DC31-A5FC-44B3-9864-A00350BCE57C,508FEA01-ECEB-449C-B527-89163CB00A69,64C1EA43-5805-4A33-A6BC-93B6E3F040CA,02D968FD-AF42-4A06-936C-8FD2E6AAF396,30B020B9-9148-404B-AA23-375BD6C76A9E,NA,5/25/2006 13:33,8/30/2018 16:42,AB097B02-C545-4164-A2F5-102A712004DC,0F71A285-6089-4C6D-B461-D69A652C9F70,297,Kalama Summer Steelhead,Steelhead (Lower Columbia River DPS),Steelhead (Lower Columbia River DPS) Kalama River - summer,NA,Steelhead,summer,kalama,steelhead,kalama
6770,East Fork Lewis Winter Steelhead,1,135641,20044176,East Fork Lewis River - winter Steelhead,BBF0FE51-9F41-4712-B426-FC7D438F78D0,A4A8B5E9-0AEE-4DDA-95B5-1218750383F1,DC0AB216-23B5-4526-9123-2F28780B959C,94F63781-75A9-49A8-B42C-EC70478B46C5,6B4F14ED-6D0B-4632-AFAA-E921E07A5EE2,E4AB14FA-1E2C-4485-93EF-E9C637067114,8412C3F4-40AE-4A89-9605-E478CEED6D8F,508FEA01-ECEB-449C-B527-89163CB00A69,64C1EA43-5805-4A33-A6BC-93B6E3F040CA,02D968FD-AF42-4A06-936C-8FD2E6AAF396,30B020B9-9148-404B-AA23-375BD6C76A9E,NA,5/25/2006 13:33,8/30/2018 16:42,AB097B02-C545-4164-A2F5-102A712004DC,0F71A285-6089-4C6D-B461-D69A652C9F70,296,East Fork Lewis Winter Steelhead,Steelhead (Lower Columbia River DPS),Steelhead (Lower Columbia River DPS) East Fork Lewis River - winter,NA,Steelhead,winter,east fork lewis,steelhead,east fork lewis
6791,Washougal Winter Steelhead,1,135641,20044176,Washougal River - winter Steelhead,6ECEB986-EC60-4EE8-89C6-54E6C3693F57,A4A8B5E9-0AEE-4DDA-95B5-1218750383F1,DC0AB216-23B5-4526-9123-2F28780B959C,94F63781-75A9-49A8-B42C-EC70478B46C5,6B4F14ED-6D0B-4632-AFAA-E921E07A5EE2,E4AB14FA-1E2C-4485-93EF-E9C637067114,8412C3F4-40AE-4A89-9605-E478CEED6D8F,508FEA01-ECEB-449C-B527-89163CB00A69,64C1EA43-5805-4A33-A6BC-93B6E3F040CA,02D968FD-AF42-4A06-936C-8FD2E6AAF396,30B020B9-9148-404B-AA23-375BD6C76A9E,NA,5/25/2006 13:33,8/30/2018 16:42,AB097B02-C545-4164-A2F5-102A712004DC,0F71A285-6089-4C6D-B461-D69A652C9F70,309,Washougal Winter Steelhead,Steelhead (Lower Columbia River DPS),Steelhead (Lower Columbia River DPS) Washougal River - winter,NA,Steelhead,winter,washougal,steelhead,washougal
6702,Upper Cowlitz and Cispus Winter Steelhead,1,509786,20044176,Upper Cowlitz River - winter Steelhead,8E86EC48-6DEB-4FC8-8F3A-7F57B814EBF6,A4A8B5E9-0AEE-4DDA-95B5-1218750383F1,DC0AB216-23B5-4526-9123-2F28780B959C,94F63781-75A9-49A8-B42C-EC70478B46C5,6B4F14ED-6D0B-4632-AFAA-E921E07A5EE2,E4AB14FA-1E2C-4485-93EF-E9C637067114,8412C3F4-40AE-4A89-9605-E478CEED6D8F,F27529C5-8185-473C-962C-535F28CE8A96,64C1EA43-5805-4A33-A6BC-93B6E3F040CA,02D968FD-AF42-4A06-936C-8FD2E6AAF396,30B020B9-9148-404B-AA23-375BD6C76A9E,NA,9/6/2012,8/30/2018 16:42,AB097B02-C545-4164-A2F5-102A712004DC,0F71A285-6089-4C6D-B461-D69A652C9F70,307,Upper Cowlitz and Cispus Winter Steelhead,Steelhead (Lower Columbia River DPS),Steelhead (Lower Columbia River DPS) Upper Cowlitz River - winter,NA,Steelhead,winter,upper cowlitz and cispus,steelhead,upper cowlitz and cispus
6704,Tilton Winter Steelhead,1,509786,20044176,Tilton River - winter Steelhead,F088B0C7-1F48-40E0-B871-DA0FF4EB94E6,A4A8B5E9-0AEE-4DDA-95B5-1218750383F1,DC0AB216-23B5-4526-9123-2F28780B959C,94F63781-75A9-49A8-B42C-EC70478B46C5,6B4F14ED-6D0B-4632-AFAA-E921E07A5EE2,E4AB14FA-1E2C-4485-93EF-E9C637067114,8412C3F4-40AE-4A89-9605-E478CEED6D8F,F27529C5-8185-473C-962C-535F28CE8A96,64C1EA43-5805-4A33-A6BC-93B6E3F040CA,02D968FD-AF42-4A06-936C-8FD2E6AAF396,30B020B9-9148-404B-AA23-375BD6C76A9E,NA,9/6/2012,8/30/2018 16:42,AB097B02-C545-4164-A2F5-102A712004DC,0F71A285-6089-4C6D-B461-D69A652C9F70,306,Tilton Winter Steelhead,Steelhead (Lower Columbia River DPS),Steelhead (Lower Columbia River DPS) Tilton River - winter,NA,Steelhead,winter,tilton,steelhead,tilton
6707,Coweeman Winter Steelhead,1,135641,20044176,Coweeman River - winter Steelhead,B71CD20E-E299-4DC7-8018-CF41347A8611,A4A8B5E9-0AEE-4DDA-95B5-1218750383F1,DC0AB216-23B5-4526-9123-2F28780B959C,94F63781-75A9-49A8-B42C-EC70478B46C5,6B4F14ED-6D0B-4632-AFAA-E921E07A5EE2,E4AB14FA-1E2C-4485-93EF-E9C637067114,8412C3F4-40AE-4A89-9605-E478CEED6D8F,508FEA01-ECEB-449C-B527-89163CB00A69,64C1EA43-5805-4A33-A6BC-93B6E3F040CA,02D968FD-AF42-4A06-936C-8FD2E6AAF396,30B020B9-9148-404B-AA23-375BD6C76A9E,NA,5/25/2006 13:33,8/30/2018 16:42,AB097B02-C545-4164-A2F5-102A712004DC,0F71A285-6089-4C6D-B461-D69A652C9F70,294,Coweeman Winter Steelhead,Steelhead (Lower Columbia River DPS),Steelhead (Lower Columbia River DPS) Coweeman River - winter,NA,Steelhead,winter,coweeman,steelhead,coweeman
6810,Upper Gorge (Columbia) Winter Steelhead,1,509786,20044176,Upper Gorge Tributaries - winter Steelhead,E61C7E2A-96A8-4866-9C34-3864808DB2B4,A4A8B5E9-0AEE-4DDA-95B5-1218750383F1,DC0AB216-23B5-4526-9123-2F28780B959C,94F63781-75A9-49A8-B42C-EC70478B46C5,6B4F14ED-6D0B-4632-AFAA-E921E07A5EE2,B369897A-FE7A-485C-B781-77D5925E8144,8412C3F4-40AE-4A89-9605-E478CEED6D8F,508FEA01-ECEB-449C-B527-89163CB00A69,64C1EA43-5805-4A33-A6BC-93B6E3F040CA,02D968FD-AF42-4A06-936C-8FD2E6AAF396,30B020B9-9148-404B-AA23-375BD6C76A9E,NA,9/7/2012,8/30/2018 16:42,AB097B02-C545-4164-A2F5-102A712004DC,0F71A285-6089-4C6D-B461-D69A652C9F70,313,Upper Gorge (Columbia) Winter Steelhead,Steelhead (Lower Columbia River DPS),Steelhead (Lower Columbia River DPS) Upper Gorge Tributaries - winter,NA,Steelhead,winter,upper gorge columbia ,steelhead,upper gorge columbia 
6714,North Fork Toutle Winter Steelhead,1,135641,20044176,North Fork Toutle River - winter Steelhead,872903EF-3A79-49EB-9D20-FD115AD7F597,A4A8B5E9-0AEE-4DDA-95B5-1218750383F1,DC0AB216-23B5-4526-9123-2F28780B959C,94F63781-75A9-49A8-B42C-EC70478B46C5,6B4F14ED-6D0B-4632-AFAA-E921E07A5EE2,E4AB14FA-1E2C-4485-93EF-E9C637067114,8412C3F4-40AE-4A89-9605-E478CEED6D8F,508FEA01-ECEB-449C-B527-89163CB00A69,64C1EA43-5805-4A33-A6BC-93B6E3F040CA,02D968FD-AF42-4A06-936C-8FD2E6AAF396,30B020B9-9148-404B-AA23-375BD6C76A9E,NA,5/25/2006 13:33,8/30/2018 16:42,AB097B02-C545-4164-A2F5-102A712004DC,0F71A285-6089-4C6D-B461-D69A652C9F70,302,North Fork Toutle Winter Steelhead,Steelhead (Lower Columbia River DPS),Steelhead (Lower Columbia River DPS) North Fork Toutle River - winter,NA,Steelhead,winter,north fork toutle,steelhead,north fork toutle
1560,Coweeman Fall (Tule) Chinook,1,135641,20044176,Coweeman River - fall Chinook salmon,94DDF44D-14F5-47A1-98CE-59256BFA0FBE,A4A8B5E9-0AEE-4DDA-95B5-1218750383F1,FF57552B-E205-4973-9C4A-22A04621AA86,C61955B0-7043-467C-ABE8-691AB8E3C5AD,AA6D7F13-F596-454F-88FF-568E85E9D1C9,645FC313-950F-4873-8049-86249DF2026D,92E66CFB-23B4-4768-A490-AC357F4BCE37,508FEA01-ECEB-449C-B527-89163CB00A69,64C1EA43-5805-4A33-A6BC-93B6E3F040CA,A3B743AB-CB20-4AD0-ADE2-BCCE8D79D9E3,30B020B9-9148-404B-AA23-375BD6C76A9E,NA,5/25/2006 13:33,8/30/2018 16:42,AB097B02-C545-4164-A2F5-102A712004DC,2F79A29B-BCA2-47F2-9212-956B51F14D12,213,Coweeman Fall (Tule) Chinook,"Salmon, Chinook (Lower Columbia River ESU)","Salmon, Chinook (Lower Columbia River ESU) Coweeman River - fall",NA,Chinook salmon,fall,coweeman ,chinook,coweeman 
2752,Cowlitz Fall Chum,1,509786,20044176,Cowlitz River - fall Chum salmon,503D99DB-553F-47C6-824C-759E11FE67A9,A4A8B5E9-0AEE-4DDA-95B5-1218750383F1,7D0D08B3-7383-4CE0-B053-EBAE1C2D4DF9,F219AF28-BB4C-463A-AD55-B73CA336BBC3,2AEA701A-3DB5-4ECB-A50B-F113DB227BCC,AF07C179-9AA5-4645-9992-BDA6C9132261,92E66CFB-23B4-4768-A490-AC357F4BCE37,508FEA01-ECEB-449C-B527-89163CB00A69,64C1EA43-5805-4A33-A6BC-93B6E3F040CA,A3B743AB-CB20-4AD0-ADE2-BCCE8D79D9E3,30B020B9-9148-404B-AA23-375BD6C76A9E,NA,5/29/2012,8/30/2018 16:42,AB097B02-C545-4164-A2F5-102A712004DC,33A35D8C-7776-4AF6-A8A2-2860E7E3EED5,252,Cowlitz River - fall Chum salmon,"Salmon, chum (Columbia River ESU)","Salmon, chum (Columbia River ESU) Cowlitz River - fall",NA,Chum salmon,fall,cowlitz river fallsalmon,chum,cowlitz river fallsalmon
2751,Cowlitz Summer Chum,1,509786,20044176,Cowlitz River - summer Chum salmon,C967BB5C-98AC-46F5-93E1-ED2AEF9A62C1,A4A8B5E9-0AEE-4DDA-95B5-1218750383F1,7D0D08B3-7383-4CE0-B053-EBAE1C2D4DF9,F219AF28-BB4C-463A-AD55-B73CA336BBC3,2AEA701A-3DB5-4ECB-A50B-F113DB227BCC,AF07C179-9AA5-4645-9992-BDA6C9132261,C4F0DC31-A5FC-44B3-9864-A00350BCE57C,508FEA01-ECEB-449C-B527-89163CB00A69,64C1EA43-5805-4A33-A6BC-93B6E3F040CA,A3B743AB-CB20-4AD0-ADE2-BCCE8D79D9E3,30B020B9-9148-404B-AA23-375BD6C76A9E,NA,5/29/2012,8/30/2018 16:42,AB097B02-C545-4164-A2F5-102A712004DC,33A35D8C-7776-4AF6-A8A2-2860E7E3EED5,344,Cowlitz River - summer Chum salmon,"Salmon, chum (Columbia River ESU)","Salmon, chum (Columbia River ESU) Cowlitz River - summer",NA,Chum salmon,summer,cowlitz river summersalmon,chum,cowlitz river summersalmon
6742,Kalama Winter Steelhead,1,135641,20044176,Kalama River - winter Steelhead,E4599B39-1404-49A3-B1CF-D09DE1F2963D,A4A8B5E9-0AEE-4DDA-95B5-1218750383F1,DC0AB216-23B5-4526-9123-2F28780B959C,94F63781-75A9-49A8-B42C-EC70478B46C5,6B4F14ED-6D0B-4632-AFAA-E921E07A5EE2,E4AB14FA-1E2C-4485-93EF-E9C637067114,8412C3F4-40AE-4A89-9605-E478CEED6D8F,508FEA01-ECEB-449C-B527-89163CB00A69,64C1EA43-5805-4A33-A6BC-93B6E3F040CA,02D968FD-AF42-4A06-936C-8FD2E6AAF396,30B020B9-9148-404B-AA23-375BD6C76A9E,NA,5/25/2006 13:33,8/30/2018 16:42,AB097B02-C545-4164-A2F5-102A712004DC,0F71A285-6089-4C6D-B461-D69A652C9F70,298,Kalama Winter Steelhead,Steelhead (Lower Columbia River DPS),Steelhead (Lower Columbia River DPS) Kalama River - winter,NA,Steelhead,winter,kalama,steelhead,kalama
2754,Salmon Creek Fall Chum,1,509786,20044176,Salmon Creek - fall Chum salmon,E25D16CE-7D20-4B0A-8159-411FCB823187,A4A8B5E9-0AEE-4DDA-95B5-1218750383F1,7D0D08B3-7383-4CE0-B053-EBAE1C2D4DF9,F219AF28-BB4C-463A-AD55-B73CA336BBC3,2AEA701A-3DB5-4ECB-A50B-F113DB227BCC,AF07C179-9AA5-4645-9992-BDA6C9132261,92E66CFB-23B4-4768-A490-AC357F4BCE37,508FEA01-ECEB-449C-B527-89163CB00A69,64C1EA43-5805-4A33-A6BC-93B6E3F040CA,A3B743AB-CB20-4AD0-ADE2-BCCE8D79D9E3,30B020B9-9148-404B-AA23-375BD6C76A9E,NA,5/29/2012,8/30/2018 16:42,AB097B02-C545-4164-A2F5-102A712004DC,33A35D8C-7776-4AF6-A8A2-2860E7E3EED5,255,Salmon Creek - fall Chum salmon,"Salmon, chum (Columbia River ESU)","Salmon, chum (Columbia River ESU) Salmon Creek - fall",NA,Chum salmon,fall,salmon creek fallsalmon,chum,salmon creek fallsalmon
6795,Lower Gorge (Columbia) Winter Steelhead,1,509786,20044176,Lower Gorge Tributaries - winter Steelhead,3B3F072A-1C89-449F-A2F8-27008A1C38BB,A4A8B5E9-0AEE-4DDA-95B5-1218750383F1,DC0AB216-23B5-4526-9123-2F28780B959C,94F63781-75A9-49A8-B42C-EC70478B46C5,6B4F14ED-6D0B-4632-AFAA-E921E07A5EE2,B369897A-FE7A-485C-B781-77D5925E8144,8412C3F4-40AE-4A89-9605-E478CEED6D8F,508FEA01-ECEB-449C-B527-89163CB00A69,64C1EA43-5805-4A33-A6BC-93B6E3F040CA,02D968FD-AF42-4A06-936C-8FD2E6AAF396,30B020B9-9148-404B-AA23-375BD6C76A9E,NA,9/7/2012,8/30/2018 16:42,AB097B02-C545-4164-A2F5-102A712004DC,0F71A285-6089-4C6D-B461-D69A652C9F70,312,Lower Gorge (Columbia) Winter Steelhead,Steelhead (Lower Columbia River DPS),Steelhead (Lower Columbia River DPS) Lower Gorge Tributaries - winter,NA,Steelhead,winter,lower gorge columbia ,steelhead,lower gorge columbia 
6777,Salmon Creek Winter Steelhead,1,135641,20044176,Salmon Creek - winter Steelhead,730B498E-41F2-4AF4-81D7-17056B500100,A4A8B5E9-0AEE-4DDA-95B5-1218750383F1,DC0AB216-23B5-4526-9123-2F28780B959C,94F63781-75A9-49A8-B42C-EC70478B46C5,6B4F14ED-6D0B-4632-AFAA-E921E07A5EE2,E4AB14FA-1E2C-4485-93EF-E9C637067114,8412C3F4-40AE-4A89-9605-E478CEED6D8F,508FEA01-ECEB-449C-B527-89163CB00A69,64C1EA43-5805-4A33-A6BC-93B6E3F040CA,02D968FD-AF42-4A06-936C-8FD2E6AAF396,30B020B9-9148-404B-AA23-375BD6C76A9E,NA,5/25/2006 13:33,8/30/2018 16:42,AB097B02-C545-4164-A2F5-102A712004DC,0F71A285-6089-4C6D-B461-D69A652C9F70,303,Salmon Creek - winter Steelhead,Steelhead (Lower Columbia River DPS),Steelhead (Lower Columbia River DPS) Salmon Creek - winter,NA,Steelhead,winter,salmon creek winter ,steelhead,salmon creek winter 
6756,North Fork Lewis Summer Steelhead,1,135641,20044176,North Fork Lewis River - summer Steelhead,0E6CC6C7-6AD9-447F-A63E-5EABF1916A59,A4A8B5E9-0AEE-4DDA-95B5-1218750383F1,DC0AB216-23B5-4526-9123-2F28780B959C,94F63781-75A9-49A8-B42C-EC70478B46C5,6B4F14ED-6D0B-4632-AFAA-E921E07A5EE2,43D02039-CF59-435A-8AD4-8F079A49E8CF,C4F0DC31-A5FC-44B3-9864-A00350BCE57C,508FEA01-ECEB-449C-B527-89163CB00A69,64C1EA43-5805-4A33-A6BC-93B6E3F040CA,02D968FD-AF42-4A06-936C-8FD2E6AAF396,30B020B9-9148-404B-AA23-375BD6C76A9E,NA,5/25/2006 13:33,8/30/2018 16:42,AB097B02-C545-4164-A2F5-102A712004DC,0F71A285-6089-4C6D-B461-D69A652C9F70,300,North Fork Lewis Summer Steelhead,Steelhead (Lower Columbia River DPS),Steelhead (Lower Columbia River DPS) North Fork Lewis River - summer,NA,Steelhead,summer,north fork lewis,steelhead,north fork lewis
6805,Wind River (Upper Gorge) Summer Steelhead,1,135641,20044176,Wind River - summer Steelhead,1B9CE877-D81F-43D7-9911-BD1768B6F924,A4A8B5E9-0AEE-4DDA-95B5-1218750383F1,DC0AB216-23B5-4526-9123-2F28780B959C,6C0575CC-8F31-4DCA-BA61-0FC28C2118BA,6B4F14ED-6D0B-4632-AFAA-E921E07A5EE2,BE1CDE03-6369-4D73-8CCB-2165F79B4FCD,C4F0DC31-A5FC-44B3-9864-A00350BCE57C,508FEA01-ECEB-449C-B527-89163CB00A69,64C1EA43-5805-4A33-A6BC-93B6E3F040CA,02D968FD-AF42-4A06-936C-8FD2E6AAF396,30B020B9-9148-404B-AA23-375BD6C76A9E,NA,5/25/2006 13:33,8/30/2018 16:42,AB097B02-C545-4164-A2F5-102A712004DC,0F71A285-6089-4C6D-B461-D69A652C9F70,314,Wind River (Upper Gorge) Summer Steelhead,Steelhead (Lower Columbia River DPS),Steelhead (Lower Columbia River DPS) Wind River - summer,F658A24B-E7DB-40A7-AEF8-F5CABD5552D7,Steelhead,summer,wind river upper gorge ,steelhead,wind river upper gorge 
6763,East Fork Lewis Summer Steelhead,1,135641,20044176,East Fork Lewis River - summer Steelhead,81AF1B56-338D-401A-A7FA-BFE19A3BD6AA,A4A8B5E9-0AEE-4DDA-95B5-1218750383F1,DC0AB216-23B5-4526-9123-2F28780B959C,94F63781-75A9-49A8-B42C-EC70478B46C5,6B4F14ED-6D0B-4632-AFAA-E921E07A5EE2,43D02039-CF59-435A-8AD4-8F079A49E8CF,C4F0DC31-A5FC-44B3-9864-A00350BCE57C,508FEA01-ECEB-449C-B527-89163CB00A69,64C1EA43-5805-4A33-A6BC-93B6E3F040CA,02D968FD-AF42-4A06-936C-8FD2E6AAF396,30B020B9-9148-404B-AA23-375BD6C76A9E,NA,5/25/2006 13:33,8/30/2018 16:42,AB097B02-C545-4164-A2F5-102A712004DC,0F71A285-6089-4C6D-B461-D69A652C9F70,295,East Fork Lewis Summer Steelhead,Steelhead (Lower Columbia River DPS),Steelhead (Lower Columbia River DPS) East Fork Lewis River - summer,F658A24B-E7DB-40A7-AEF8-F5CABD5552D7,Steelhead,summer,east fork lewis,steelhead,east fork lewis
6784,Washougal Summer Steelhead,1,135641,20044176,Washougal River - summer Steelhead,6FCF7465-1528-4B65-B71B-1F1A1D6C0DEA,A4A8B5E9-0AEE-4DDA-95B5-1218750383F1,DC0AB216-23B5-4526-9123-2F28780B959C,94F63781-75A9-49A8-B42C-EC70478B46C5,6B4F14ED-6D0B-4632-AFAA-E921E07A5EE2,43D02039-CF59-435A-8AD4-8F079A49E8CF,C4F0DC31-A5FC-44B3-9864-A00350BCE57C,508FEA01-ECEB-449C-B527-89163CB00A69,64C1EA43-5805-4A33-A6BC-93B6E3F040CA,02D968FD-AF42-4A06-936C-8FD2E6AAF396,30B020B9-9148-404B-AA23-375BD6C76A9E,NA,5/25/2006 13:33,8/30/2018 16:42,AB097B02-C545-4164-A2F5-102A712004DC,0F71A285-6089-4C6D-B461-D69A652C9F70,308,Washougal Summer Steelhead,Steelhead (Lower Columbia River DPS),Steelhead (Lower Columbia River DPS) Washougal River - summer,F658A24B-E7DB-40A7-AEF8-F5CABD5552D7,Steelhead,summer,washougal,steelhead,washougal
6830,Klickitat Summer and Winter Steelhead,1,509786,20044176,Klickitat River - summer and winter Steelhead,8F70CBD0-2849-416E-852A-307F4F6D16D4,B6C50DF3-BA5A-46BF-954B-5ABAC5A55684,72CC7990-5EDF-4294-93FC-C3A6F4A86AA8,6C0575CC-8F31-4DCA-BA61-0FC28C2118BA,CC37DFE3-753E-4134-AE7D-CF5E7AB34135,FC0F1FBA-5B0D-4627-9374-A5873FE69536,00EE0F62-BD68-4BF1-9B97-5C778056B616,508FEA01-ECEB-449C-B527-89163CB00A69,64C1EA43-5805-4A33-A6BC-93B6E3F040CA,02D968FD-AF42-4A06-936C-8FD2E6AAF396,30B020B9-9148-404B-AA23-375BD6C76A9E,NA,7/23/2014,8/30/2018 16:42,AB097B02-C545-4164-A2F5-102A712004DC,0F71A285-6089-4C6D-B461-D69A652C9F70,61,Klickitat River - summer and winter Steelhead,Steelhead (Middle Columbia River DPS),Steelhead (Middle Columbia River DPS) Klickitat River - summer and winter,NA,Steelhead,summer winter,klickitat river summer and winter ,steelhead,klickitat river summer and winter 
6658,Grays-Chinook Winter Steelhead,1,135641,20044176,NA,F3E9B17B-42E4-48F0-8D0C-D8CAAEEA347A,A4A8B5E9-0AEE-4DDA-95B5-1218750383F1,573A57A7-6112-4708-832B-9D8C0B1E5641,94F63781-75A9-49A8-B42C-EC70478B46C5,FD372667-B201-49C0-BB3E-C04EB8B4810C,15C38645-0492-4D66-8398-B553E73957BB,8412C3F4-40AE-4A89-9605-E478CEED6D8F,508FEA01-ECEB-449C-B527-89163CB00A69,64C1EA43-5805-4A33-A6BC-93B6E3F040CA,02D968FD-AF42-4A06-936C-8FD2E6AAF396,30B020B9-9148-404B-AA23-375BD6C76A9E,NA,5/25/2006 13:33,8/30/2018 16:42,AB097B02-C545-4164-A2F5-102A712004DC,0F71A285-6089-4C6D-B461-D69A652C9F70,532,Grays River Winter Steelhead,,Steelhead (Southwest Washington DPS) Grays and Chinook Rivers - winter,NA,Steelhead,winter,grays river,steelhead,grays river
6682,Mill-Abernathy-Germany Creeks Winter Steelhead,1,135641,20044176,NA,D3F0A747-3A1B-4423-99F6-D2EB5370D63E,A4A8B5E9-0AEE-4DDA-95B5-1218750383F1,573A57A7-6112-4708-832B-9D8C0B1E5641,94F63781-75A9-49A8-B42C-EC70478B46C5,FD372667-B201-49C0-BB3E-C04EB8B4810C,15C38645-0492-4D66-8398-B553E73957BB,8412C3F4-40AE-4A89-9605-E478CEED6D8F,508FEA01-ECEB-449C-B527-89163CB00A69,64C1EA43-5805-4A33-A6BC-93B6E3F040CA,02D968FD-AF42-4A06-936C-8FD2E6AAF396,30B020B9-9148-404B-AA23-375BD6C76A9E,NA,5/25/2006 13:33,8/30/2018 16:42,AB097B02-C545-4164-A2F5-102A712004DC,0F71A285-6089-4C6D-B461-D69A652C9F70,534,Mill Creek Winter Steelhead,,Steelhead (Southwest Washington DPS) Mill Creek - winter,NA,Steelhead,winter,mill creek,steelhead,mill creek
6668,Elochoman-Skamokawa Winter Steelhead,1,135641,20044176,NA,4EE81808-60BA-4090-B943-8FF861E976C6,A4A8B5E9-0AEE-4DDA-95B5-1218750383F1,573A57A7-6112-4708-832B-9D8C0B1E5641,94F63781-75A9-49A8-B42C-EC70478B46C5,FD372667-B201-49C0-BB3E-C04EB8B4810C,15C38645-0492-4D66-8398-B553E73957BB,8412C3F4-40AE-4A89-9605-E478CEED6D8F,508FEA01-ECEB-449C-B527-89163CB00A69,64C1EA43-5805-4A33-A6BC-93B6E3F040CA,02D968FD-AF42-4A06-936C-8FD2E6AAF396,30B020B9-9148-404B-AA23-375BD6C76A9E,NA,5/25/2006 13:33,8/30/2018 16:42,AB097B02-C545-4164-A2F5-102A712004DC,0F71A285-6089-4C6D-B461-D69A652C9F70,533,Elochoman Winter Steelhead,,Steelhead (Southwest Washington DPS) Elochoman River - winter,NA,Steelhead,winter,elochoman,steelhead,elochoman
1554,Cispus Spring Chinook,1,509786,NA,Cispus River - spring Chinook salmon,9C870EEC-DE52-46A7-A441-E8B643B9CFBE,A4A8B5E9-0AEE-4DDA-95B5-1218750383F1,8E8E9D86-EF39-4014-8EDC-5F52B48F04F4,C61955B0-7043-467C-ABE8-691AB8E3C5AD,AA6D7F13-F596-454F-88FF-568E85E9D1C9,645FC313-950F-4873-8049-86249DF2026D,55982D00-CB6F-4495-9E8F-C48C0E9D4696,F27529C5-8185-473C-962C-535F28CE8A96,6F0F28EA-4A16-4F94-B4F0-D664C217A7B0,A3B743AB-CB20-4AD0-ADE2-BCCE8D79D9E3,30B020B9-9148-404B-AA23-375BD6C76A9E,NA,12/15/2020,NA,AB097B02-C545-4164-A2F5-102A712004DC,2F79A29B-BCA2-47F2-9212-956B51F14D12,212,Cispus River - spring Chinook salmon,"Salmon, Chinook (Lower Columbia River ESU)","Salmon, Chinook (Lower Columbia River ESU) Cispus River - spring",NA,Chinook salmon,spring,cispus river springsalmon,chinook,cispus river springsalmon
6703,Cispus Winter Steelhead,1,509786,509786,Cispus River - winter Steelhead,D62B3B45-ECFC-4F20-BF6C-EE75D166F2F0,A4A8B5E9-0AEE-4DDA-95B5-1218750383F1,DC0AB216-23B5-4526-9123-2F28780B959C,94F63781-75A9-49A8-B42C-EC70478B46C5,6B4F14ED-6D0B-4632-AFAA-E921E07A5EE2,E4AB14FA-1E2C-4485-93EF-E9C637067114,8412C3F4-40AE-4A89-9605-E478CEED6D8F,F27529C5-8185-473C-962C-535F28CE8A96,64C1EA43-5805-4A33-A6BC-93B6E3F040CA,02D968FD-AF42-4A06-936C-8FD2E6AAF396,30B020B9-9148-404B-AA23-375BD6C76A9E,NA,9/6/2012,11/30/2020,AB097B02-C545-4164-A2F5-102A712004DC,0F71A285-6089-4C6D-B461-D69A652C9F70,293,Cispus River - winter Steelhead,Steelhead (Lower Columbia River DPS),Steelhead (Lower Columbia River DPS) Cispus River - winter,NA,Steelhead,winter,cispus river winter ,steelhead,cispus river winter 
2753,Kalama Fall Chum,1,509786,20044176,Kalama River - fall Chum salmon,C033E045-ACB8-4D9A-A51C-C6E0B4250EB7,A4A8B5E9-0AEE-4DDA-95B5-1218750383F1,7D0D08B3-7383-4CE0-B053-EBAE1C2D4DF9,F219AF28-BB4C-463A-AD55-B73CA336BBC3,2AEA701A-3DB5-4ECB-A50B-F113DB227BCC,AF07C179-9AA5-4645-9992-BDA6C9132261,92E66CFB-23B4-4768-A490-AC357F4BCE37,508FEA01-ECEB-449C-B527-89163CB00A69,64C1EA43-5805-4A33-A6BC-93B6E3F040CA,A3B743AB-CB20-4AD0-ADE2-BCCE8D79D9E3,30B020B9-9148-404B-AA23-375BD6C76A9E,NA,5/29/2012,8/30/2018 16:42,AB097B02-C545-4164-A2F5-102A712004DC,33A35D8C-7776-4AF6-A8A2-2860E7E3EED5,253,Kalama River - fall Chum salmon,"Salmon, chum (Columbia River ESU)","Salmon, chum (Columbia River ESU) Kalama River - fall",NA,Chum salmon,fall,kalama river fallsalmon,chum,kalama river fallsalmon
2756,Washougal Fall Chum,1,509786,20044176,Washougal River - fall Chum salmon,2CB705B7-0D2C-483F-88D3-80226165224B,A4A8B5E9-0AEE-4DDA-95B5-1218750383F1,7D0D08B3-7383-4CE0-B053-EBAE1C2D4DF9,F219AF28-BB4C-463A-AD55-B73CA336BBC3,2AEA701A-3DB5-4ECB-A50B-F113DB227BCC,AF07C179-9AA5-4645-9992-BDA6C9132261,92E66CFB-23B4-4768-A490-AC357F4BCE37,508FEA01-ECEB-449C-B527-89163CB00A69,64C1EA43-5805-4A33-A6BC-93B6E3F040CA,A3B743AB-CB20-4AD0-ADE2-BCCE8D79D9E3,30B020B9-9148-404B-AA23-375BD6C76A9E,NA,5/29/2012,8/30/2018 16:42,AB097B02-C545-4164-A2F5-102A712004DC,33A35D8C-7776-4AF6-A8A2-2860E7E3EED5,257,Washougal Fall Chum,"Salmon, chum (Columbia River ESU)","Salmon, chum (Columbia River ESU) Washougal River - fall",NA,Chum salmon,fall,washougal,chum,washougal
2765,Lower Gorge (Columbia) Fall Chum,1,135641,20044176,Lower Gorge Tributaries - fall Chum salmon,8A5D58E1-DA28-4CA7-8CC9-C2D7D2184B25,A4A8B5E9-0AEE-4DDA-95B5-1218750383F1,8478A594-F213-45FA-832C-53D8179BC55D,F219AF28-BB4C-463A-AD55-B73CA336BBC3,2AEA701A-3DB5-4ECB-A50B-F113DB227BCC,C49B8F1D-4BF3-44ED-B12C-59D1C9FD495A,92E66CFB-23B4-4768-A490-AC357F4BCE37,508FEA01-ECEB-449C-B527-89163CB00A69,6F0F28EA-4A16-4F94-B4F0-D664C217A7B0,A3B743AB-CB20-4AD0-ADE2-BCCE8D79D9E3,30B020B9-9148-404B-AA23-375BD6C76A9E,NA,5/25/2006 13:33,8/30/2018 16:42,AB097B02-C545-4164-A2F5-102A712004DC,33A35D8C-7776-4AF6-A8A2-2860E7E3EED5,265,Lower Gorge (Columbia) Fall Chum,"Salmon, chum (Columbia River ESU)","Salmon, chum (Columbia River ESU) Lower Gorge Tributaries - fall",NA,Chum salmon,fall,lower gorge columbia ,chum,lower gorge columbia 
2757,Upper Gorge (Columbia) Fall Chum,1,509786,20044176,Upper Gorge Tributaries - fall Chum salmon,7AEBCE97-A926-448C-8C85-85B252E5E351,A4A8B5E9-0AEE-4DDA-95B5-1218750383F1,B003D0E6-DB28-44E3-80B0-D7E21098EF8F,F219AF28-BB4C-463A-AD55-B73CA336BBC3,2AEA701A-3DB5-4ECB-A50B-F113DB227BCC,C49B8F1D-4BF3-44ED-B12C-59D1C9FD495A,92E66CFB-23B4-4768-A490-AC357F4BCE37,508FEA01-ECEB-449C-B527-89163CB00A69,64C1EA43-5805-4A33-A6BC-93B6E3F040CA,A3B743AB-CB20-4AD0-ADE2-BCCE8D79D9E3,30B020B9-9148-404B-AA23-375BD6C76A9E,NA,5/29/2012,8/30/2018 16:42,AB097B02-C545-4164-A2F5-102A712004DC,33A35D8C-7776-4AF6-A8A2-2860E7E3EED5,266,Upper Gorge (Columbia) Fall Chum,"Salmon, chum (Columbia River ESU)","Salmon, chum (Columbia River ESU) Upper Gorge Tributaries - fall",NA,Chum salmon,fall,upper gorge columbia ,chum,upper gorge columbia 
2748,Grays-Chinook Fall Chum,1,135641,20044176,Grays and Chinook Rivers - fall Chum salmon,21B7D79C-A1CF-4C67-A798-D61AD141A523,A4A8B5E9-0AEE-4DDA-95B5-1218750383F1,0DBF786D-108A-446F-8731-466330876B77,F219AF28-BB4C-463A-AD55-B73CA336BBC3,2AEA701A-3DB5-4ECB-A50B-F113DB227BCC,8D6DFF4D-236B-414E-9831-F63EBD7D9B79,92E66CFB-23B4-4768-A490-AC357F4BCE37,508FEA01-ECEB-449C-B527-89163CB00A69,6F0F28EA-4A16-4F94-B4F0-D664C217A7B0,A3B743AB-CB20-4AD0-ADE2-BCCE8D79D9E3,30B020B9-9148-404B-AA23-375BD6C76A9E,NA,5/25/2006 13:33,8/30/2018 16:42,AB097B02-C545-4164-A2F5-102A712004DC,33A35D8C-7776-4AF6-A8A2-2860E7E3EED5,261,Grays/Chinook Fall Chum,"Salmon, chum (Columbia River ESU)","Salmon, chum (Columbia River ESU) Grays and Chinook Rivers - fall",NA,Chum salmon,fall,grays ,chum,grays 
2750,Mill-Abernathy-Germany Creeks Fall Chum,1,509786,20044176,"Mill, Abernathy, and Germany Creeks - fall Chum salmon",C78BE927-6C86-49C0-BC55-DB853A2F74FC,A4A8B5E9-0AEE-4DDA-95B5-1218750383F1,7D0D08B3-7383-4CE0-B053-EBAE1C2D4DF9,F219AF28-BB4C-463A-AD55-B73CA336BBC3,2AEA701A-3DB5-4ECB-A50B-F113DB227BCC,8D6DFF4D-236B-414E-9831-F63EBD7D9B79,92E66CFB-23B4-4768-A490-AC357F4BCE37,508FEA01-ECEB-449C-B527-89163CB00A69,64C1EA43-5805-4A33-A6BC-93B6E3F040CA,A3B743AB-CB20-4AD0-ADE2-BCCE8D79D9E3,30B020B9-9148-404B-AA23-375BD6C76A9E,NA,5/29/2012,8/30/2018 16:42,AB097B02-C545-4164-A2F5-102A712004DC,33A35D8C-7776-4AF6-A8A2-2860E7E3EED5,262,Mill/Abernathy/Germany Creeks Fall Chum,"Salmon, chum (Columbia River ESU)","Salmon, chum (Columbia River ESU) Mill, Abernathy, and Germany Creeks - fall",NA,Chum salmon,fall,mill abernathy germany creeks,chum,mill abernathy germany creeks
1620,Lewis River Late Fall (Bright) Chinook,1,135641,20044176,Lewis River - late fall Chinook salmon,8BE7E7E1-8952-46C7-8F4A-2BB97DBB800A,A4A8B5E9-0AEE-4DDA-95B5-1218750383F1,6AB16A5D-EC0A-4C65-9B29-97BFAA648E6F,C61955B0-7043-467C-ABE8-691AB8E3C5AD,AA6D7F13-F596-454F-88FF-568E85E9D1C9,645FC313-950F-4873-8049-86249DF2026D,92E66CFB-23B4-4768-A490-AC357F4BCE37,508FEA01-ECEB-449C-B527-89163CB00A69,64C1EA43-5805-4A33-A6BC-93B6E3F040CA,DDEF9B6F-4603-409E-A068-3427A6065F08,30B020B9-9148-404B-AA23-375BD6C76A9E,NA,5/25/2006 13:33,8/30/2018 16:42,AB097B02-C545-4164-A2F5-102A712004DC,2F79A29B-BCA2-47F2-9212-956B51F14D12,216,Lewis River Late Fall (Bright) Chinook,"Salmon, Chinook (Lower Columbia River ESU)","Salmon, Chinook (Lower Columbia River ESU) Lewis River - late fall",NA,Chinook salmon,fall,lewis river ,chinook,lewis river 
1623,Salmon Creek Fall (Tule) Chinook,1,509786,20044176,Salmon Creek - fall Chinook salmon,C598D3A2-AEDC-4110-9207-0D086BC08804,A4A8B5E9-0AEE-4DDA-95B5-1218750383F1,FF57552B-E205-4973-9C4A-22A04621AA86,C61955B0-7043-467C-ABE8-691AB8E3C5AD,AA6D7F13-F596-454F-88FF-568E85E9D1C9,645FC313-950F-4873-8049-86249DF2026D,92E66CFB-23B4-4768-A490-AC357F4BCE37,F27529C5-8185-473C-962C-535F28CE8A96,6F0F28EA-4A16-4F94-B4F0-D664C217A7B0,A3B743AB-CB20-4AD0-ADE2-BCCE8D79D9E3,30B020B9-9148-404B-AA23-375BD6C76A9E,NA,9/7/2012,8/30/2018 16:42,AB097B02-C545-4164-A2F5-102A712004DC,2F79A29B-BCA2-47F2-9212-956B51F14D12,220,Salmon Creek - fall Chinook salmon,"Salmon, Chinook (Lower Columbia River ESU)","Salmon, Chinook (Lower Columbia River ESU) Salmon Creek - fall",NA,Chinook salmon,fall,salmon creek fallsalmon,chinook,salmon creek fallsalmon
1624,Washougal Fall (Tule) Chinook,1,135641,20044176,Washougal River - fall Chinook salmon,1F2F9F62-FE8F-4934-A1E3-DBAFF7FE49F9,A4A8B5E9-0AEE-4DDA-95B5-1218750383F1,FF57552B-E205-4973-9C4A-22A04621AA86,C61955B0-7043-467C-ABE8-691AB8E3C5AD,AA6D7F13-F596-454F-88FF-568E85E9D1C9,645FC313-950F-4873-8049-86249DF2026D,92E66CFB-23B4-4768-A490-AC357F4BCE37,F27529C5-8185-473C-962C-535F28CE8A96,6F0F28EA-4A16-4F94-B4F0-D664C217A7B0,02D968FD-AF42-4A06-936C-8FD2E6AAF396,30B020B9-9148-404B-AA23-375BD6C76A9E,NA,5/25/2006 13:33,8/30/2018 16:42,AB097B02-C545-4164-A2F5-102A712004DC,2F79A29B-BCA2-47F2-9212-956B51F14D12,229,Washougal Fall (Tule) Chinook,"Salmon, Chinook (Lower Columbia River ESU)","Salmon, Chinook (Lower Columbia River ESU) Washougal River - fall",NA,Chinook salmon,fall,washougal ,chinook,washougal 
1656,Big White Salmon River Fall (Tule) Chinook,1,135641,20044176,White Salmon River - fall Chinook salmon,9ADFE0EE-AF21-4EC7-A466-C89BBFA0F750,A4A8B5E9-0AEE-4DDA-95B5-1218750383F1,6E9A7745-6078-488D-8181-F7621A0807DF,C61955B0-7043-467C-ABE8-691AB8E3C5AD,AA6D7F13-F596-454F-88FF-568E85E9D1C9,4AB2A78F-133E-484A-AB3D-1555D9FD0BFB,92E66CFB-23B4-4768-A490-AC357F4BCE37,F27529C5-8185-473C-962C-535F28CE8A96,6F0F28EA-4A16-4F94-B4F0-D664C217A7B0,02D968FD-AF42-4A06-936C-8FD2E6AAF396,30B020B9-9148-404B-AA23-375BD6C76A9E,NA,5/25/2006 13:33,8/30/2018 16:42,AB097B02-C545-4164-A2F5-102A712004DC,2F79A29B-BCA2-47F2-9212-956B51F14D12,242,Big White Salmon River Fall (Tule) Chinook,"Salmon, Chinook (Lower Columbia River ESU)","Salmon, Chinook (Lower Columbia River ESU) White Salmon River - fall",NA,Chinook salmon,fall,big white salmon river ,chinook,big white salmon river 
1557,Lower Cowlitz Fall (Tule) Chinook,1,135641,20044176,Lower Cowlitz River - fall Chinook salmon,2780D7B8-3349-4A06-87C9-386B95DF1882,A4A8B5E9-0AEE-4DDA-95B5-1218750383F1,FF57552B-E205-4973-9C4A-22A04621AA86,C61955B0-7043-467C-ABE8-691AB8E3C5AD,AA6D7F13-F596-454F-88FF-568E85E9D1C9,645FC313-950F-4873-8049-86249DF2026D,92E66CFB-23B4-4768-A490-AC357F4BCE37,F27529C5-8185-473C-962C-535F28CE8A96,6F0F28EA-4A16-4F94-B4F0-D664C217A7B0,A3B743AB-CB20-4AD0-ADE2-BCCE8D79D9E3,30B020B9-9148-404B-AA23-375BD6C76A9E,NA,5/25/2006 13:33,8/30/2018 16:42,AB097B02-C545-4164-A2F5-102A712004DC,2F79A29B-BCA2-47F2-9212-956B51F14D12,218,Lower Cowlitz Fall (Tule) Chinook,"Salmon, Chinook (Lower Columbia River ESU)","Salmon, Chinook (Lower Columbia River ESU) Lower Cowlitz River - fall",NA,Chinook salmon,fall,lower cowlitz ,chinook,lower cowlitz 
1595,Kalama Fall (Tule) Chinook,1,135641,20044176,Kalama River - fall Chinook salmon,936B6531-3BBF-4FD3-938E-9AFE87978842,A4A8B5E9-0AEE-4DDA-95B5-1218750383F1,FF57552B-E205-4973-9C4A-22A04621AA86,C61955B0-7043-467C-ABE8-691AB8E3C5AD,AA6D7F13-F596-454F-88FF-568E85E9D1C9,645FC313-950F-4873-8049-86249DF2026D,92E66CFB-23B4-4768-A490-AC357F4BCE37,F27529C5-8185-473C-962C-535F28CE8A96,6F0F28EA-4A16-4F94-B4F0-D664C217A7B0,A3B743AB-CB20-4AD0-ADE2-BCCE8D79D9E3,30B020B9-9148-404B-AA23-375BD6C76A9E,NA,5/25/2006 13:33,8/30/2018 16:42,AB097B02-C545-4164-A2F5-102A712004DC,2F79A29B-BCA2-47F2-9212-956B51F14D12,214,Kalama Fall (Tule) Chinook,"Salmon, Chinook (Lower Columbia River ESU)","Salmon, Chinook (Lower Columbia River ESU) Kalama River - fall",NA,Chinook salmon,fall,kalama ,chinook,kalama 
1600,North Fork Lewis Spring Chinook,1,135641,20044176,North Fork Lewis River - spring Chinook salmon,BDB87F1F-D64E-47A8-8CE6-0B6BC415973F,A4A8B5E9-0AEE-4DDA-95B5-1218750383F1,8E8E9D86-EF39-4014-8EDC-5F52B48F04F4,C61955B0-7043-467C-ABE8-691AB8E3C5AD,AA6D7F13-F596-454F-88FF-568E85E9D1C9,22D7FCB5-48D6-4C60-8181-C9642A8FB9FB,55982D00-CB6F-4495-9E8F-C48C0E9D4696,F27529C5-8185-473C-962C-535F28CE8A96,6F0F28EA-4A16-4F94-B4F0-D664C217A7B0,A3B743AB-CB20-4AD0-ADE2-BCCE8D79D9E3,30B020B9-9148-404B-AA23-375BD6C76A9E,NA,5/25/2006 13:33,8/30/2018 16:42,AB097B02-C545-4164-A2F5-102A712004DC,2F79A29B-BCA2-47F2-9212-956B51F14D12,219,North Fork Lewis Spring Chinook,"Salmon, Chinook (Lower Columbia River ESU)","Salmon, Chinook (Lower Columbia River ESU) North Fork Lewis River - spring",NA,Chinook salmon,spring,north fork lewis,chinook,north fork lewis
1592,Kalama Spring Chinook,1,135641,20044176,Kalama River - spring Chinook salmon,DC782234-F619-4D27-AD19-EDF19D9BF7E7,A4A8B5E9-0AEE-4DDA-95B5-1218750383F1,8E8E9D86-EF39-4014-8EDC-5F52B48F04F4,C61955B0-7043-467C-ABE8-691AB8E3C5AD,AA6D7F13-F596-454F-88FF-568E85E9D1C9,22D7FCB5-48D6-4C60-8181-C9642A8FB9FB,55982D00-CB6F-4495-9E8F-C48C0E9D4696,F27529C5-8185-473C-962C-535F28CE8A96,6F0F28EA-4A16-4F94-B4F0-D664C217A7B0,A3B743AB-CB20-4AD0-ADE2-BCCE8D79D9E3,30B020B9-9148-404B-AA23-375BD6C76A9E,NA,5/25/2006 13:33,8/30/2018 16:42,AB097B02-C545-4164-A2F5-102A712004DC,2F79A29B-BCA2-47F2-9212-956B51F14D12,215,Kalama Spring Chinook,"Salmon, Chinook (Lower Columbia River ESU)","Salmon, Chinook (Lower Columbia River ESU) Kalama River - spring",NA,Chinook salmon,spring,kalama,chinook,kalama
1610,Lewis River Fall (Tule) Chinook,1,135641,20044176,Lewis River - fall Chinook salmon,D92643E0-A495-48DA-AA80-C0B4CF331D99,A4A8B5E9-0AEE-4DDA-95B5-1218750383F1,FF57552B-E205-4973-9C4A-22A04621AA86,C61955B0-7043-467C-ABE8-691AB8E3C5AD,AA6D7F13-F596-454F-88FF-568E85E9D1C9,645FC313-950F-4873-8049-86249DF2026D,92E66CFB-23B4-4768-A490-AC357F4BCE37,508FEA01-ECEB-449C-B527-89163CB00A69,6F0F28EA-4A16-4F94-B4F0-D664C217A7B0,02D968FD-AF42-4A06-936C-8FD2E6AAF396,30B020B9-9148-404B-AA23-375BD6C76A9E,NA,5/25/2006 13:33,8/30/2018 16:42,AB097B02-C545-4164-A2F5-102A712004DC,2F79A29B-BCA2-47F2-9212-956B51F14D12,217,Lewis River Fall (Tule) Chinook,"Salmon, Chinook (Lower Columbia River ESU)","Salmon, Chinook (Lower Columbia River ESU) Lewis River - fall",NA,Chinook salmon,fall,lewis river ,chinook,lewis river 
1525,Mill-Abernathy-Germany Creeks Fall (Tule) Chinook,1,135641,20044176,"Mill, Abernathy, and Germany Creeks - fall Chinook salmon",767246FC-1E50-40D4-B58E-A04E7DE702A9,A4A8B5E9-0AEE-4DDA-95B5-1218750383F1,6E9A7745-6078-488D-8181-F7621A0807DF,C61955B0-7043-467C-ABE8-691AB8E3C5AD,AA6D7F13-F596-454F-88FF-568E85E9D1C9,2C14D3ED-BCF1-496F-99D8-A6291114D878,92E66CFB-23B4-4768-A490-AC357F4BCE37,F27529C5-8185-473C-962C-535F28CE8A96,6F0F28EA-4A16-4F94-B4F0-D664C217A7B0,02D968FD-AF42-4A06-936C-8FD2E6AAF396,30B020B9-9148-404B-AA23-375BD6C76A9E,NA,5/25/2006 13:33,8/30/2018 16:42,AB097B02-C545-4164-A2F5-102A712004DC,2F79A29B-BCA2-47F2-9212-956B51F14D12,235,Mill/Abernathy/Germany Creeks Fall (Tule) Chinook,"Salmon, Chinook (Lower Columbia River ESU)","Salmon, Chinook (Lower Columbia River ESU) Mill, Abernathy, and Germany Creeks - fall",NA,Chinook salmon,fall,mill abernathy germany creeks ,chinook,mill abernathy germany creeks 
1658,Big White Salmon River Spring Chinook,1,509786,20044176,White Salmon River - spring Chinook salmon,45ECB932-ECE9-43CE-8095-54181F33419E,A4A8B5E9-0AEE-4DDA-95B5-1218750383F1,8E8E9D86-EF39-4014-8EDC-5F52B48F04F4,C61955B0-7043-467C-ABE8-691AB8E3C5AD,AA6D7F13-F596-454F-88FF-568E85E9D1C9,8E4AF8E1-8C98-41CB-A27A-DA2DC8AD3F79,55982D00-CB6F-4495-9E8F-C48C0E9D4696,F27529C5-8185-473C-962C-535F28CE8A96,6F0F28EA-4A16-4F94-B4F0-D664C217A7B0,02D968FD-AF42-4A06-936C-8FD2E6AAF396,30B020B9-9148-404B-AA23-375BD6C76A9E,NA,9/7/2012,8/30/2018 16:42,AB097B02-C545-4164-A2F5-102A712004DC,2F79A29B-BCA2-47F2-9212-956B51F14D12,243,Big White Salmon River Spring Chinook,"Salmon, Chinook (Lower Columbia River ESU)","Salmon, Chinook (Lower Columbia River ESU) White Salmon River - spring",NA,Chinook salmon,spring,big white salmon river,chinook,big white salmon river
1558,Upper Cowlitz Fall (Tule) Chinook,1,509786,20044176,Upper Cowlitz River - fall Chinook salmon,7DB6DC9B-9FC3-4FD1-84C5-BAE41717CDC2,A4A8B5E9-0AEE-4DDA-95B5-1218750383F1,FF57552B-E205-4973-9C4A-22A04621AA86,C61955B0-7043-467C-ABE8-691AB8E3C5AD,AA6D7F13-F596-454F-88FF-568E85E9D1C9,645FC313-950F-4873-8049-86249DF2026D,92E66CFB-23B4-4768-A490-AC357F4BCE37,F27529C5-8185-473C-962C-535F28CE8A96,6F0F28EA-4A16-4F94-B4F0-D664C217A7B0,A3B743AB-CB20-4AD0-ADE2-BCCE8D79D9E3,30B020B9-9148-404B-AA23-375BD6C76A9E,NA,9/7/2012,8/30/2018 16:42,AB097B02-C545-4164-A2F5-102A712004DC,2F79A29B-BCA2-47F2-9212-956B51F14D12,227,Upper Cowlitz Fall (Tule) Chinook,"Salmon, Chinook (Lower Columbia River ESU)","Salmon, Chinook (Lower Columbia River ESU) Upper Cowlitz River - fall",NA,Chinook salmon,fall,upper cowlitz ,chinook,upper cowlitz 
1628,Lower Gorge (Columbia) Late Fall (Bright) Chinook,0,135641,509786,NA,C880FAC9-E857-4938-A4CC-22BFD9C33FFA,A4A8B5E9-0AEE-4DDA-95B5-1218750383F1,6AB16A5D-EC0A-4C65-9B29-97BFAA648E6F,C61955B0-7043-467C-ABE8-691AB8E3C5AD,6A0DC1C6-41D0-428B-9668-77F015690E2B,NA,92E66CFB-23B4-4768-A490-AC357F4BCE37,59085485-86A8-415E-BCCD-6261771A555C,6F0F28EA-4A16-4F94-B4F0-D664C217A7B0,A3B743AB-CB20-4AD0-ADE2-BCCE8D79D9E3,30B020B9-9148-404B-AA23-375BD6C76A9E,NA,5/25/2006 13:33,12/16/2020,AB097B02-C545-4164-A2F5-102A712004DC,2F79A29B-BCA2-47F2-9212-956B51F14D12,240,Lower Gorge (Columbia) Late Fall (Bright) Chinook,"Salmon, Chinook (Lower Columbia River ESU)","Salmon, Chinook (Lower Columbia River ESU) Lower Gorge Tributaries - fall",NA,Chinook salmon,fall,lower gorge columbia ,chinook,lower gorge columbia 
1578,Toutle Spring Chinook,1,509786,NA,Toutle River - spring Chinook salmon,9C870EEC-DE52-46A7-A441-E8B643B9CFBD,A4A8B5E9-0AEE-4DDA-95B5-1218750383F1,8E8E9D86-EF39-4014-8EDC-5F52B48F04F4,C61955B0-7043-467C-ABE8-691AB8E3C5AD,AA6D7F13-F596-454F-88FF-568E85E9D1C9,22D7FCB5-48D6-4C60-8181-C9642A8FB9FB,55982D00-CB6F-4495-9E8F-C48C0E9D4696,6DB7CE9F-4B87-4D70-9096-6BA8ADEF2F16,5B43EA09-ECE6-4A59-9E95-9A994AC3EFAD,A3B743AB-CB20-4AD0-ADE2-BCCE8D79D9E3,30B020B9-9148-404B-AA23-375BD6C76A9E,NA,12/7/2020,NA,AB097B02-C545-4164-A2F5-102A712004DC,2F79A29B-BCA2-47F2-9212-956B51F14D12,226,Toutle River - spring Chinook salmon,"Salmon, Chinook (Lower Columbia River ESU)","Salmon, Chinook (Lower Columbia River ESU) Toutle River - spring",NA,Chinook salmon,spring,toutle river springsalmon,chinook,toutle river springsalmon
1577,Toutle Fall (Tule) Chinook,1,509786,20044176,Toutle River - fall Chinook salmon,B1FE67B3-5D33-4978-AF69-1C3C5650A2F3,A4A8B5E9-0AEE-4DDA-95B5-1218750383F1,FF57552B-E205-4973-9C4A-22A04621AA86,C61955B0-7043-467C-ABE8-691AB8E3C5AD,AA6D7F13-F596-454F-88FF-568E85E9D1C9,645FC313-950F-4873-8049-86249DF2026D,92E66CFB-23B4-4768-A490-AC357F4BCE37,F27529C5-8185-473C-962C-535F28CE8A96,6F0F28EA-4A16-4F94-B4F0-D664C217A7B0,02D968FD-AF42-4A06-936C-8FD2E6AAF396,30B020B9-9148-404B-AA23-375BD6C76A9E,NA,6/21/2012,8/30/2018 16:42,AB097B02-C545-4164-A2F5-102A712004DC,2F79A29B-BCA2-47F2-9212-956B51F14D12,225,Toutle Fall (Tule) Chinook,"Salmon, Chinook (Lower Columbia River ESU)","Salmon, Chinook (Lower Columbia River ESU) Toutle River - fall",NA,Chinook salmon,fall,toutle ,chinook,toutle 
1634,Upper Gorge (Columbia) Fall (Tule) Chinook,1,509786,20044176,Upper Gorge Tributaries - fall Chinook salmon,67CAB21B-DAB5-4EFB-834B-1B1D079DA170,A4A8B5E9-0AEE-4DDA-95B5-1218750383F1,6E9A7745-6078-488D-8181-F7621A0807DF,C61955B0-7043-467C-ABE8-691AB8E3C5AD,AA6D7F13-F596-454F-88FF-568E85E9D1C9,4AB2A78F-133E-484A-AB3D-1555D9FD0BFB,92E66CFB-23B4-4768-A490-AC357F4BCE37,F27529C5-8185-473C-962C-535F28CE8A96,6F0F28EA-4A16-4F94-B4F0-D664C217A7B0,02D968FD-AF42-4A06-936C-8FD2E6AAF396,30B020B9-9148-404B-AA23-375BD6C76A9E,NA,6/22/2012,8/30/2018 16:42,AB097B02-C545-4164-A2F5-102A712004DC,2F79A29B-BCA2-47F2-9212-956B51F14D12,241,Upper Gorge (Columbia) Fall (Tule) Chinook,"Salmon, Chinook (Lower Columbia River ESU)","Salmon, Chinook (Lower Columbia River ESU) Upper Gorge Tributaries - fall",NA,Chinook salmon,fall,upper gorge columbia ,chinook,upper gorge columbia 
1508,Elochoman-Skamokawa Fall (Tule) Chinook,1,135641,20044176,Elochoman River - fall Chinook salmon,0DA83B8A-2076-42F6-9588-8EE90044C782,A4A8B5E9-0AEE-4DDA-95B5-1218750383F1,FF57552B-E205-4973-9C4A-22A04621AA86,C61955B0-7043-467C-ABE8-691AB8E3C5AD,AA6D7F13-F596-454F-88FF-568E85E9D1C9,2C14D3ED-BCF1-496F-99D8-A6291114D878,92E66CFB-23B4-4768-A490-AC357F4BCE37,F27529C5-8185-473C-962C-535F28CE8A96,6F0F28EA-4A16-4F94-B4F0-D664C217A7B0,A3B743AB-CB20-4AD0-ADE2-BCCE8D79D9E3,30B020B9-9148-404B-AA23-375BD6C76A9E,NA,5/25/2006 13:33,8/30/2018 16:42,AB097B02-C545-4164-A2F5-102A712004DC,2F79A29B-BCA2-47F2-9212-956B51F14D12,233,Elochoman/Skamokawa Fall (Tule) Chinook,"Salmon, Chinook (Lower Columbia River ESU)","Salmon, Chinook (Lower Columbia River ESU) Elochoman River - fall",NA,Chinook salmon,fall,elochoman skamokawa ,chinook,elochoman skamokawa 
1496,Grays-Chinook Fall (Tule) Chinook,1,135641,20044176,Grays and Chinook Rivers - fall Chinook salmon,3D58C582-FB68-49EE-9CFF-DAF27732CC85,A4A8B5E9-0AEE-4DDA-95B5-1218750383F1,FF57552B-E205-4973-9C4A-22A04621AA86,C61955B0-7043-467C-ABE8-691AB8E3C5AD,AA6D7F13-F596-454F-88FF-568E85E9D1C9,2C14D3ED-BCF1-496F-99D8-A6291114D878,92E66CFB-23B4-4768-A490-AC357F4BCE37,F27529C5-8185-473C-962C-535F28CE8A96,6F0F28EA-4A16-4F94-B4F0-D664C217A7B0,02D968FD-AF42-4A06-936C-8FD2E6AAF396,30B020B9-9148-404B-AA23-375BD6C76A9E,NA,5/25/2006 13:33,8/30/2018 16:42,AB097B02-C545-4164-A2F5-102A712004DC,2F79A29B-BCA2-47F2-9212-956B51F14D12,234,Grays/Chinook Fall (Tule) Chinook,"Salmon, Chinook (Lower Columbia River ESU)","Salmon, Chinook (Lower Columbia River ESU) Grays and Chinook Rivers - fall",NA,Chinook salmon,fall,grays ,chinook,grays 
1553,Upper Cowlitz Spring Chinook,1,509786,20044176,Upper Cowlitz River - spring Chinook salmon,3964C8A2-ECF7-4293-8DB4-52B417516542,A4A8B5E9-0AEE-4DDA-95B5-1218750383F1,8E8E9D86-EF39-4014-8EDC-5F52B48F04F4,C61955B0-7043-467C-ABE8-691AB8E3C5AD,AA6D7F13-F596-454F-88FF-568E85E9D1C9,645FC313-950F-4873-8049-86249DF2026D,55982D00-CB6F-4495-9E8F-C48C0E9D4696,F27529C5-8185-473C-962C-535F28CE8A96,6F0F28EA-4A16-4F94-B4F0-D664C217A7B0,A3B743AB-CB20-4AD0-ADE2-BCCE8D79D9E3,30B020B9-9148-404B-AA23-375BD6C76A9E,NA,6/21/2012,8/30/2018 16:42,AB097B02-C545-4164-A2F5-102A712004DC,2F79A29B-BCA2-47F2-9212-956B51F14D12,228,Upper Cowlitz River - spring Chinook salmon,"Salmon, Chinook (Lower Columbia River ESU)","Salmon, Chinook (Lower Columbia River ESU) Upper Cowlitz River - spring",NA,Chinook salmon,spring,upper cowlitz river springsalmon,chinook,upper cowlitz river springsalmon
6701,Lower Cowlitz Winter Steelhead,1,509786,20044176,Lower Cowlitz River - winter Steelhead,0CCF5308-0104-462A-823D-208168F9ECF7,A4A8B5E9-0AEE-4DDA-95B5-1218750383F1,DC0AB216-23B5-4526-9123-2F28780B959C,94F63781-75A9-49A8-B42C-EC70478B46C5,6B4F14ED-6D0B-4632-AFAA-E921E07A5EE2,E4AB14FA-1E2C-4485-93EF-E9C637067114,8412C3F4-40AE-4A89-9605-E478CEED6D8F,F27529C5-8185-473C-962C-535F28CE8A96,64C1EA43-5805-4A33-A6BC-93B6E3F040CA,02D968FD-AF42-4A06-936C-8FD2E6AAF396,30B020B9-9148-404B-AA23-375BD6C76A9E,NA,9/5/2012 10:00,8/30/2018 2:42,AB097B02-C545-4164-A2F5-102A712004DC,0F71A285-6089-4C6D-B461-D69A652C9F70,299,Lower Cowlitz Winter Steelhead,Steelhead (Lower Columbia River DPS),Steelhead (Lower Columbia River DPS) Lower Cowlitz River - winter,NA,Steelhead,winter,lower cowlitz,steelhead,lower cowlitz
3720,South Fork Toutle Coho,1,135641,20044176,South Fork Toutle River - early and late Coho salmon,7679512C-5F1D-45CD-A999-69423A2B8953,A4A8B5E9-0AEE-4DDA-95B5-1218750383F1,7D0D08B3-7383-4CE0-B053-EBAE1C2D4DF9,5A15B805-446F-4AB0-A470-14D708BC002A,8894EE79-BF27-4A6D-BBD7-62B88CF4FBF5,770D624B-91F2-4F50-86CE-35D73CB04B6B,7A5BDB06-F1DB-4EFA-9D5E-786E337F5933,F27529C5-8185-473C-962C-535F28CE8A96,6F0F28EA-4A16-4F94-B4F0-D664C217A7B0,02D968FD-AF42-4A06-936C-8FD2E6AAF396,A404AB3C-82E7-49F6-89CC-0F8D5F072B90,NA,5/25/2006 13:33,8/30/2018 16:42,AB097B02-C545-4164-A2F5-102A712004DC,61E3C3A7-FABB-4481-8CC7-43D139AD084A,277,South Fork Toutle Coho,"Salmon, coho (Lower Columbia River ESU)","Salmon, coho (Lower Columbia River ESU) South Fork Toutle River - early and late",NA,Coho salmon,fall,south fork toutle ,coho,south fork toutle 
3694,Upper Cowlitz and Cispus Coho,1,509786,20044176,Upper Cowlitz River - early and late Coho salmon,F6D6E39E-80E1-4A22-A52D-EB733334D579,A4A8B5E9-0AEE-4DDA-95B5-1218750383F1,7D0D08B3-7383-4CE0-B053-EBAE1C2D4DF9,5A15B805-446F-4AB0-A470-14D708BC002A,8894EE79-BF27-4A6D-BBD7-62B88CF4FBF5,770D624B-91F2-4F50-86CE-35D73CB04B6B,7A5BDB06-F1DB-4EFA-9D5E-786E337F5933,F27529C5-8185-473C-962C-535F28CE8A96,6F0F28EA-4A16-4F94-B4F0-D664C217A7B0,A3B743AB-CB20-4AD0-ADE2-BCCE8D79D9E3,C7004B50-963E-44A6-A916-E8E08BD13B9A,NA,9/7/2012,8/30/2018 16:42,AB097B02-C545-4164-A2F5-102A712004DC,61E3C3A7-FABB-4481-8CC7-43D139AD084A,279,Upper Cowlitz and Cispus Coho,"Salmon, coho (Lower Columbia River ESU)","Salmon, coho (Lower Columbia River ESU) Upper Cowlitz River - early and late",NA,Coho salmon,fall,upper cowlitz and cispus ,coho,upper cowlitz and cispus 
3793,North Fork Toutle Coho,1,507386,20044176,North Fork Toutle River - early and late Coho salmon,DB8AF0AD-BAE9-480B-8A2F-643BF842E6B1,A4A8B5E9-0AEE-4DDA-95B5-1218750383F1,7D0D08B3-7383-4CE0-B053-EBAE1C2D4DF9,5A15B805-446F-4AB0-A470-14D708BC002A,8894EE79-BF27-4A6D-BBD7-62B88CF4FBF5,770D624B-91F2-4F50-86CE-35D73CB04B6B,7A5BDB06-F1DB-4EFA-9D5E-786E337F5933,F27529C5-8185-473C-962C-535F28CE8A96,6F0F28EA-4A16-4F94-B4F0-D664C217A7B0,02D968FD-AF42-4A06-936C-8FD2E6AAF396,A404AB3C-82E7-49F6-89CC-0F8D5F072B90,NA,12/13/2012,8/30/2018 16:42,AB097B02-C545-4164-A2F5-102A712004DC,61E3C3A7-FABB-4481-8CC7-43D139AD084A,274,North Fork Toutle Coho,"Salmon, coho (Lower Columbia River ESU)","Salmon, coho (Lower Columbia River ESU) North Fork Toutle River - early and late",NA,Coho salmon,fall,north fork toutle ,coho,north fork toutle 
3760,East Fork Lewis Coho,1,135641,20044176,East Fork Lewis River - early and late Coho salmon,85EC212E-45F0-48AB-9F21-87ABAB330FDB,A4A8B5E9-0AEE-4DDA-95B5-1218750383F1,7D0D08B3-7383-4CE0-B053-EBAE1C2D4DF9,5A15B805-446F-4AB0-A470-14D708BC002A,8894EE79-BF27-4A6D-BBD7-62B88CF4FBF5,770D624B-91F2-4F50-86CE-35D73CB04B6B,7A5BDB06-F1DB-4EFA-9D5E-786E337F5933,F27529C5-8185-473C-962C-535F28CE8A96,6F0F28EA-4A16-4F94-B4F0-D664C217A7B0,02D968FD-AF42-4A06-936C-8FD2E6AAF396,C7004B50-963E-44A6-A916-E8E08BD13B9A,NA,5/25/2006 13:33,8/30/2018 16:42,AB097B02-C545-4164-A2F5-102A712004DC,61E3C3A7-FABB-4481-8CC7-43D139AD084A,270,East Fork Lewis Coho,"Salmon, coho (Lower Columbia River ESU)","Salmon, coho (Lower Columbia River ESU) East Fork Lewis River - early and late",NA,Coho salmon,fall,east fork lewis ,coho,east fork lewis 
6721,South Fork Toutle Winter Steelhead,1,135641,20044176,South Fork Toutle River - winter Steelhead,A919D10A-1CFB-41C7-917E-CCB749E06C75,A4A8B5E9-0AEE-4DDA-95B5-1218750383F1,DC0AB216-23B5-4526-9123-2F28780B959C,94F63781-75A9-49A8-B42C-EC70478B46C5,6B4F14ED-6D0B-4632-AFAA-E921E07A5EE2,E4AB14FA-1E2C-4485-93EF-E9C637067114,8412C3F4-40AE-4A89-9605-E478CEED6D8F,508FEA01-ECEB-449C-B527-89163CB00A69,64C1EA43-5805-4A33-A6BC-93B6E3F040CA,02D968FD-AF42-4A06-936C-8FD2E6AAF396,30B020B9-9148-404B-AA23-375BD6C76A9E,NA,5/25/2006 13:33,8/30/2018 16:42,AB097B02-C545-4164-A2F5-102A712004DC,0F71A285-6089-4C6D-B461-D69A652C9F70,305,South Fork Toutle Winter Steelhead,Steelhead (Lower Columbia River DPS),Steelhead (Lower Columbia River DPS) South Fork Toutle River - winter,NA,Steelhead,winter,south fork toutle,steelhead,south fork toutle
3698,Cispus Coho,1,509786,509786,Cispus River - early and late Coho salmon,2BDC8684-FFB0-4BBC-ABF3-814A313DDDF4,A4A8B5E9-0AEE-4DDA-95B5-1218750383F1,7D0D08B3-7383-4CE0-B053-EBAE1C2D4DF9,5A15B805-446F-4AB0-A470-14D708BC002A,8894EE79-BF27-4A6D-BBD7-62B88CF4FBF5,770D624B-91F2-4F50-86CE-35D73CB04B6B,83891331-411A-4731-B968-708691F8F647,F27529C5-8185-473C-962C-535F28CE8A96,6F0F28EA-4A16-4F94-B4F0-D664C217A7B0,A3B743AB-CB20-4AD0-ADE2-BCCE8D79D9E3,C7004B50-963E-44A6-A916-E8E08BD13B9A,NA,9/7/2012,11/30/2020,AB097B02-C545-4164-A2F5-102A712004DC,61E3C3A7-FABB-4481-8CC7-43D139AD084A,268,Cispus River - early and late Coho salmon,"Salmon, coho (Lower Columbia River ESU)","Salmon, coho (Lower Columbia River ESU) Cispus River - early and late",NA,Coho salmon,unspecified,cispus river early and latesalmon,coho,cispus river early and latesalmon
3692,Lower Cowlitz Coho,1,509786,20044176,Lower Cowlitz River - late Coho salmon,26A87887-9878-4DA6-A207-C9D26DAEC587,A4A8B5E9-0AEE-4DDA-95B5-1218750383F1,7D0D08B3-7383-4CE0-B053-EBAE1C2D4DF9,5A15B805-446F-4AB0-A470-14D708BC002A,8894EE79-BF27-4A6D-BBD7-62B88CF4FBF5,770D624B-91F2-4F50-86CE-35D73CB04B6B,DF7CE965-C409-4A00-97EA-8021E1427BDE,F27529C5-8185-473C-962C-535F28CE8A96,6F0F28EA-4A16-4F94-B4F0-D664C217A7B0,A3B743AB-CB20-4AD0-ADE2-BCCE8D79D9E3,C7004B50-963E-44A6-A916-E8E08BD13B9A,NA,9/7/2012,8/30/2018 16:42,AB097B02-C545-4164-A2F5-102A712004DC,61E3C3A7-FABB-4481-8CC7-43D139AD084A,272,Lower Cowlitz Coho,"Salmon, coho (Lower Columbia River ESU)","Salmon, coho (Lower Columbia River ESU) Lower Cowlitz River - late",NA,Coho salmon,fall,lower cowlitz ,coho,lower cowlitz 
3792,Upper Gorge (Columbia) Coho,1,509786,20044176,Upper Gorge Tributaries - late Coho salmon,37464BDA-3B3B-44A7-B2A7-3CCB2C79C253,A4A8B5E9-0AEE-4DDA-95B5-1218750383F1,7D0D08B3-7383-4CE0-B053-EBAE1C2D4DF9,5A15B805-446F-4AB0-A470-14D708BC002A,8894EE79-BF27-4A6D-BBD7-62B88CF4FBF5,32EF3076-7C3E-4B8C-934C-2DDFECE05F72,982D0529-E100-43AB-9A93-D11735703F51,F27529C5-8185-473C-962C-535F28CE8A96,6F0F28EA-4A16-4F94-B4F0-D664C217A7B0,02D968FD-AF42-4A06-936C-8FD2E6AAF396,A404AB3C-82E7-49F6-89CC-0F8D5F072B90,NA,9/7/2012,8/30/2018 16:42,AB097B02-C545-4164-A2F5-102A712004DC,61E3C3A7-FABB-4481-8CC7-43D139AD084A,291,Upper Gorge (Columbia) Coho,"Salmon, coho (Lower Columbia River ESU)","Salmon, coho (Lower Columbia River ESU) Washington Upper Gorge Tributaries and White Salmon River - late",NA,Coho salmon,fall,upper gorge columbia ,coho,upper gorge columbia 
3790,Lower Gorge (Columbia) Coho,1,135641,20044176,Lower Gorge Tributaries - late Coho salmon,C0DB8873-E057-4833-8CD5-BBE6D8841579,A4A8B5E9-0AEE-4DDA-95B5-1218750383F1,7D0D08B3-7383-4CE0-B053-EBAE1C2D4DF9,5A15B805-446F-4AB0-A470-14D708BC002A,8894EE79-BF27-4A6D-BBD7-62B88CF4FBF5,32EF3076-7C3E-4B8C-934C-2DDFECE05F72,982D0529-E100-43AB-9A93-D11735703F51,F27529C5-8185-473C-962C-535F28CE8A96,6F0F28EA-4A16-4F94-B4F0-D664C217A7B0,02D968FD-AF42-4A06-936C-8FD2E6AAF396,A404AB3C-82E7-49F6-89CC-0F8D5F072B90,NA,5/25/2006 13:33,8/30/2018 16:42,AB097B02-C545-4164-A2F5-102A712004DC,61E3C3A7-FABB-4481-8CC7-43D139AD084A,288,Lower Gorge (Columbia) Coho,"Salmon, coho (Lower Columbia River ESU)","Salmon, coho (Lower Columbia River ESU) Lower Gorge Tributaries - late",NA,Coho salmon,fall,lower gorge columbia ,coho,lower gorge columbia 
3666,Mill-Abernathy-Germany Creeks Coho,1,135641,20044176,"Mill, Abernathy, and Germany Creeks - late Coho salmon",A4AE5256-30AD-45F7-BDEB-24748EAC7C08,A4A8B5E9-0AEE-4DDA-95B5-1218750383F1,7D0D08B3-7383-4CE0-B053-EBAE1C2D4DF9,5A15B805-446F-4AB0-A470-14D708BC002A,8894EE79-BF27-4A6D-BBD7-62B88CF4FBF5,6708E142-D3CA-4859-B04B-F5CD2442C2EC,077EABC7-855B-478E-93EE-AEB7970566D0,F27529C5-8185-473C-962C-535F28CE8A96,6F0F28EA-4A16-4F94-B4F0-D664C217A7B0,02D968FD-AF42-4A06-936C-8FD2E6AAF396,C7004B50-963E-44A6-A916-E8E08BD13B9A,NA,5/25/2006 13:33,8/30/2018 16:42,AB097B02-C545-4164-A2F5-102A712004DC,61E3C3A7-FABB-4481-8CC7-43D139AD084A,285,Mill/Abernathy/Germany Creeks Coho,"Salmon, coho (Lower Columbia River ESU)","Salmon, coho (Lower Columbia River ESU) Mill, Abernathy, and Germany Creeks - late",NA,Coho salmon,fall,mill abernathy germany creeks ,coho,mill abernathy germany creeks 
3630,Grays-Chinook Coho,1,135641,20044176,Grays and Chinook Rivers - late Coho salmon,B0BAF03F-4C1A-440C-94FB-7BF53CD15D9D,A4A8B5E9-0AEE-4DDA-95B5-1218750383F1,7D0D08B3-7383-4CE0-B053-EBAE1C2D4DF9,5A15B805-446F-4AB0-A470-14D708BC002A,8894EE79-BF27-4A6D-BBD7-62B88CF4FBF5,6708E142-D3CA-4859-B04B-F5CD2442C2EC,077EABC7-855B-478E-93EE-AEB7970566D0,F27529C5-8185-473C-962C-535F28CE8A96,6F0F28EA-4A16-4F94-B4F0-D664C217A7B0,A3B743AB-CB20-4AD0-ADE2-BCCE8D79D9E3,C7004B50-963E-44A6-A916-E8E08BD13B9A,NA,5/25/2006 13:33,8/30/2018 16:42,AB097B02-C545-4164-A2F5-102A712004DC,61E3C3A7-FABB-4481-8CC7-43D139AD084A,284,Grays/Chinook Coho,"Salmon, coho (Lower Columbia River ESU)","Salmon, coho (Lower Columbia River ESU) Grays and Chinook Rivers - late",NA,Coho salmon,fall,grays ,coho,grays 
